"MAPNUM","MINLAT","MAXLAT","MINLON","MAXLON","LABLAT","LABLON","XRED","YRED","XGREEN","YGREEN","XDOUBLE","YDOUBLE","XGRID","YGRID","PERIM","AREA","GRIDX","GRIDY","XGRIDCOO","YGRIDCOO","BOXSIZEX","BOXSIZEY","COMPLETE","TOTALCEL","TOTALRED","TOTALGRE","TOTALDOU","MEANPERI","MEANAREA"
1,2889,3039,1590,1820,,,,,,,,,,,,,,,,,,,,,,,,,
2,-221,3979,-430,4260,,,,,,,,,,,,,,,,,,,,,,,,,
3,1239,4869,4260,5190,,,,,,,,,,,,,,,,,,,,,,,,,
4,4869,6039,-10,4550,,,,,,,,,,,,,,,,,,,,,,,,,
5,3949,5869,-890,40,,,,,,,,,,,,,,,,,,,,,,,,,
5,3949,5869,-890,40,,,-330,4549,,,,,3,17,38.390092879,333.94358232,,,,,,,,,,,,,
5,3949,5869,-890,40,,,-340,4659,,,,,3,17,45.820433437,1277.4971484,,,,,,,,,,,,,
5,3949,5869,-890,40,,,270,4009,,,,,5,15,21.671826625,55.976765807,,,,,,,,,,,,,
5,3949,5869,-890,40,,,120,4079,,,,,5,15,40.247678019,238.85976094,,,,,,,,,,,,,
5,3949,5869,-890,40,,,250,4109,,,,,5,15,42.724458204,904.06310804,,,,,,,,,,,,,
5,3949,5869,-890,40,,,110,3969,,,,,5,15,45.20123839,319.75768961,,,,,,,,,,,,,
5,3949,5869,-890,40,,,720,2859,,,,,7,11,52.631578947,717.72949035,,,,,,,,,,,,,
5,3949,5869,-890,40,,,730,2759,,,,,7,11,32.817337461,382.63570052,,,,,,,,,,,,,
5,3949,5869,-890,40,,,800,2129,,,,,7,9,38.390092879,613.82741135,,,,,,,,,,,,,
5,3949,5869,-890,40,,,1010,1559,,,,,7,7,42.724458204,805.52866412,,,,,,,,,,,,,
5,3949,5869,-890,40,,,970,1629,,,,,7,7,34.674922601,421.74275608,,,,,,,,,,,,,
5,3949,5869,-890,40,,,190,1569,,,,,5,7,40.247678019,1284.014991,,,,,,,,,,,,,
5,3949,5869,-890,40,,,190,1519,,,,,5,7,66.253869969,1484.1510989,,,,,,,,,,,,,
5,3949,5869,-890,40,,,220,1539,,,,,5,7,35.913312694,676.70542226,,,,,,,,,,,,,
5,3949,5869,-890,40,,,190,1449,,,,,5,7,27.244582043,251.51204363,,,,,,,,,,,,,
5,3949,5869,-890,40,,,180,1479,,,,,5,7,27.86377709,435.16184378,,,,,,,,,,,,,
5,3949,5869,-890,40,,,160,1449,,,,,5,7,26.625386997,276.81660899,,,,,,,,,,,,,
5,3949,5869,-890,40,,,190,1429,,,,,5,7,26.00619195,729.61496802,,,,,,,,,,,,,
5,3949,5869,-890,40,,,,,,,240,1429,5,7,26.625386997,723.86393044,,,,,,,,,,,,,
5,3949,5869,-890,40,,,200,1379,,,,,5,7,40.866873065,910.19754813,,,,,,,,,,,,,
5,3949,5869,-890,40,,,230,1389,,,,,5,7,30.959752322,801.31123656,,,,,,,,,,,,,
5,3949,5869,-890,40,,,210,1359,,,,,5,7,26.625386997,618.04483891,,,,,,,,,,,,,
5,3949,5869,-890,40,,,220,1339,,,,,5,7,40.247678019,506.4747098,,,,,,,,,,,,,
5,3949,5869,-890,40,,,350,1419,,,,,5,7,32.817337461,1364.1461147,,,,,,,,,,,,,
5,3949,5869,-890,40,,,320,1409,,,,,5,7,36.53250774,230.04150332,,,,,,,,,,,,,
5,3949,5869,-890,40,,,270,1399,,,,,5,7,25.386996904,398.73860575,,,,,,,,,,,,,
5,3949,5869,-890,40,,,270,1449,,,,,5,7,29.721362229,642.96600177,,,,,,,,,,,,,
5,3949,5869,-890,40,,,220,1459,,,,,5,7,30.340557276,366.53279529,,,,,,,,,,,,,
5,3949,5869,-890,40,,,260,1499,,,,,5,7,47.678018576,1606.4564982,,,,,,,,,,,,,
5,3949,5869,-890,40,,,310,1479,,,,,5,7,29.721362229,706.61081769,,,,,,,,,,,,,
5,3949,5869,-890,40,,,330,1499,,,,,5,7,34.674922601,955.05564127,,,,,,,,,,,,,
5,3949,5869,-890,40,,,330,1509,,,,,5,7,24.148606811,374.2008454,,,,,,,,,,,,,
5,3949,5869,-890,40,,,330,1539,,,,,5,7,22.910216718,252.27884864,,,,,,,,,,,,,
5,3949,5869,-890,40,,,310,1579,,,,,5,7,25.386996904,703.54359765,,,,,,,,,,,,,
5,3949,5869,-890,40,,,300,1599,,,,,5,7,37.770897833,1764.4183304,,,,,,,,,,,,,
5,3949,5869,-890,40,,,250,1549,,,,,5,7,39.628482972,499.1900622,,,,,,,,,,,,,
5,3949,5869,-890,40,,,270,1519,,,,,5,7,30.340557276,950.83821371,,,,,,,,,,,,,
5,3949,5869,-890,40,,,390,1579,,,,,5,7,40.247678019,2020.9146066,,,,,,,,,,,,,
5,3949,5869,-890,40,,,350,1479,,,,,5,7,40.866873065,1099.2149834,,,,,,,,,,,,,
5,3949,5869,-890,40,,,360,1449,,,,,5,7,31.578947368,990.32867178,,,,,,,,,,,,,
5,3949,5869,-890,40,,,380,1419,,,,,5,7,24.148606811,1021.0008722,,,,,,,,,,,,,
5,3949,5869,-890,40,,,370,1389,,,,,5,7,28.482972136,1127.2033663,,,,,,,,,,,,,
5,3949,5869,-890,40,,,320,1359,,,,,5,7,40.247678019,1035.9535699,,,,,,,,,,,,,
5,3949,5869,-890,40,,,270,1359,,,,,5,7,27.86377709,584.68882093,,,,,,,,,,,,,
5,3949,5869,-890,40,,,260,1339,,,,,5,7,30.340557276,677.47222727,,,,,,,,,,,,,
5,3949,5869,-890,40,,,370,1329,,,,,5,7,43.343653251,973.45896154,,,,,,,,,,,,,
5,3949,5869,-890,40,,,320,1339,,,,,5,7,29.102167183,295.60333176,,,,,,,,,,,,,
5,3949,5869,-890,40,,,300,1429,,,,,5,7,34.674922601,638.74857421,,,,,,,,,,,,,
5,3949,5869,-890,40,,,390,1499,,,,,5,7,40.247678019,1546.6457073,,,,,,,,,,,,,
5,3949,5869,-890,40,,,320,1639,,,,,5,8,35.913312694,1158.6423717,,,,,,,,,,,,,
5,3949,5869,-890,40,,,110,1479,,,,,5,7,50.154798762,835.81746206,,,,,,,,,,,,,
5,3949,5869,-890,40,,,150,1419,,,,,5,7,36.53250774,267.61494886,,,,,,,,,,,,,
5,3949,5869,-890,40,,,130,1389,,,,,5,7,30.340557276,289.85229418,,,,,,,,,,,,,
5,3949,5869,-890,40,,,130,1359,,,,,5,7,30.959752322,494.97263464,,,,,,,,,,,,,
5,3949,5869,-890,40,,,160,1389,,,,,5,7,22.291021672,480.40333943,,,,,,,,,,,,,
5,3949,5869,-890,40,,,160,1349,,,,,5,7,24.767801858,138.02490199,,,,,,,,,,,,,
5,3949,5869,-890,40,,,390,929,,,,,5,5,48.916408669,596.5742986,,,,,,,,,,,,,
5,3949,5869,-890,40,,,370,1009,,,,,5,5,69.969040248,3093.2914146,,,,,,,,,,,,,
5,3949,5869,-890,40,,,240,1009,,,,,5,5,71.207430341,2993.9901657,,,,,,,,,,,,,
5,3949,5869,-890,40,,,910,969,,,,,7,5,45.20123839,1418.5892705,,,,,,,,,,,,,
5,3949,5869,-890,40,,,1020,919,,,,,7,5,36.53250774,743.03405572,,,,,,,,,,,,,
5,3949,5869,-890,40,,,1590,259,,,,,9,3,52.012383901,1622.9428059,,,,,,,,,,,,,
5,3949,5869,-890,40,,,,,-260,4489,,,3,17,37.770897833,1400.9527552,,,,,,,,,,,,,
5,3949,5869,-890,40,,,,,380,4629,,,5,17,45.820433437,1425.8739181,,,,,,,,,,,,,
5,3949,5869,-890,40,,,,,310,4619,,,5,17,32.198142415,1204.6506724,,,,,,,,,,,,,
5,3949,5869,-890,40,,,,,820,4579,,,7,17,45.20123839,662.51952956,,,,,,,,,,,,,
5,3949,5869,-890,40,,,,,-300,5069,,,3,19,56.965944272,1493.7361615,,,,,,,,,,,,,
5,3949,5869,-890,40,,,,,-410,5099,,,3,19,27.86377709,522.19421253,,,,,,,,,,,,,
5,3949,5869,-890,40,,,,,110,5249,,,5,19,41.486068111,656.00168696,,,,,,,,,,,,,
5,3949,5869,-890,40,,,,,1500,4489,,,9,17,49.535603715,1019.0838597,,,,,,,,,,,,,
5,3949,5869,-890,40,,,,,2180,4579,,,11,17,42.105263158,1696.1726845,,,,,,,,,,,,,
5,3949,5869,-890,40,,,,,1350,3919,,,9,15,47.678018576,617.2780339,,,,,,,,,,,,,
5,3949,5869,-890,40,,,,,1580,3909,,,9,15,42.724458204,639.51537922,,,,,,,,,,,,,
5,3949,5869,-890,40,,,,,810,3999,,,7,15,39.628482972,549.41579042,,,,,,,,,,,,,
5,3949,5869,-890,40,,,,,870,4029,,,7,15,34.055727554,772.17264614,,,,,,,,,,,,,
5,3949,5869,-890,40,,,,,950,3949,,,7,15,57.585139319,1773.2365881,,,,,,,,,,,,,
5,3949,5869,-890,40,,,,,980,4019,,,7,15,55.72755418,1907.8108675,,,,,,,,,,,,,
5,3949,5869,-890,40,,,,,950,3869,,,7,15,58.204334365,1014.0996271,,,,,,,,,,,,,
5,3949,5869,-890,40,,,,,1020,3859,,,7,15,43.962848297,1366.0631272,,,,,,,,,,,,,
5,3949,5869,-890,40,,,,,340,3909,,,5,15,39.009287926,1305.1021288,,,,,,,,,,,,,
5,3949,5869,-890,40,,,,,270,3939,,,5,15,73.684210526,2614.8050877,,,,,,,,,,,,,
5,3949,5869,-890,40,,,,,240,3879,,,5,15,40.247678019,619.57844894,,,,,,,,,,,,,
5,3949,5869,-890,40,,,,,190,3879,,,5,15,37.770897833,838.11787709,,,,,,,,,,,,,
5,3949,5869,-890,40,,,,,380,3909,,,5,15,63.777089783,2447.2581928,,,,,,,,,,,,,
5,3949,5869,-890,40,,,,,390,4019,,,5,15,67.492260062,2588.7337173,,,,,,,,,,,,,
5,3949,5869,-890,40,,,,,340,4009,,,5,15,39.009287926,1583.8357503,,,,,,,,,,,,,
5,3949,5869,-890,40,,,,,140,4079,,,5,15,40.247678019,213.17179307,,,,,,,,,,,,,
5,3949,5869,-890,40,,,,,1620,3479,,,9,13,46.439628483,1783.5884557,,,,,,,,,,,,,
5,3949,5869,-890,40,,,,,1420,3319,,,9,13,68.730650155,1328.4896817,,,,,,,,,,,,,
5,3949,5869,-890,40,,,,,1350,3359,,,9,13,53.250773994,226.20747826,,,,,,,,,,,,,
5,3949,5869,-890,40,,,,,2870,2809,,,13,11,35.294117647,920.54941578,,,,,,,,,,,,,
5,3949,5869,-890,40,,,,,2590,2669,,,13,11,39.628482972,596.95770111,,,,,,,,,,,,,
5,3949,5869,-890,40,,,,,2220,2829,,,11,11,49.535603715,1036.720375,,,,,,,,,,,,,
5,3949,5869,-890,40,,,,,1990,2809,,,11,11,42.105263158,742.26725071,,,,,,,,,,,,,
5,3949,5869,-890,40,,,,,1520,2719,,,9,11,54.489164087,378.03487045,,,,,,,,,,,,,
5,3949,5869,-890,40,,,,,1470,2789,,,9,11,44.582043344,114.25394665,,,,,,,,,,,,,
5,3949,5869,-890,40,,,,,1400,2779,,,9,11,43.962848297,70.162658512,,,,,,,,,,,,,
5,3949,5869,-890,40,,,,,1400,2649,,,9,11,40.866873065,590.05645601,,,,,,,,,,,,,
5,3949,5869,-890,40,,,,,1490,2639,,,9,11,39.628482972,845.7859272,,,,,,,,,,,,,
5,3949,5869,-890,40,,,,,1570,2789,,,9,11,38.390092879,1304.3353238,,,,,,,,,,,,,
5,3949,5869,-890,40,,,,,1610,2719,,,9,11,43.962848297,1406.3203903,,,,,,,,,,,,,
5,3949,5869,-890,40,,,,,1560,2859,,,9,11,42.105263158,394.9045807,,,,,,,,,,,,,
5,3949,5869,-890,40,,,,,1580,2569,,,9,11,32.817337461,1096.1477633,,,,,,,,,,,,,
5,3949,5869,-890,40,,,,,1340,2779,,,9,11,38.390092879,956.9726538,,,,,,,,,,,,,
5,3949,5869,-890,40,,,,,1000,2749,,,7,11,53.86996904,1822.3121088,,,,,,,,,,,,,
5,3949,5869,-890,40,,,,,980,2699,,,7,11,43.962848297,1558.531185,,,,,,,,,,,,,
5,3949,5869,-890,40,,,,,980,2669,,,7,11,32.817337461,952.75522624,,,,,,,,,,,,,
5,3949,5869,-890,40,,,,,1000,2659,,,7,11,33.436532508,1279.7975635,,,,,,,,,,,,,
5,3949,5869,-890,40,,,,,810,2799,,,7,11,32.817337461,364.99918526,,,,,,,,,,,,,
5,3949,5869,-890,40,,,,,760,2819,,,7,11,26.00619195,331.64316728,,,,,,,,,,,,,
5,3949,5869,-890,40,,,,,790,2849,,,7,11,40.247678019,1496.0365766,,,,,,,,,,,,,
5,3949,5869,-890,40,,,,,730,2689,,,7,11,38.390092879,326.65893471,,,,,,,,,,,,,
5,3949,5869,-890,40,,,,,730,2669,,,7,11,44.582043344,854.60418483,,,,,,,,,,,,,
5,3949,5869,-890,40,,,,,780,2699,,,7,11,33.436532508,633.38093913,,,,,,,,,,,,,
5,3949,5869,-890,40,,,,,790,2669,,,7,11,30.959752322,334.32698482,,,,,,,,,,,,,
5,3949,5869,-890,40,,,,,810,2659,,,7,11,22.291021672,204.35353545,,,,,,,,,,,,,
5,3949,5869,-890,40,,,,,850,2699,,,7,11,31.578947368,1070.0763929,,,,,,,,,,,,,
5,3949,5869,-890,40,,,,,820,2709,,,7,11,30.340557276,13.802490199,,,,,,,,,,,,,
5,3949,5869,-890,40,,,,,870,2659,,,7,11,29.102167183,233.10872336,,,,,,,,,,,,,
5,3949,5869,-890,40,,,,,890,2669,,,7,11,26.00619195,776.00667119,,,,,,,,,,,,,
5,3949,5869,-890,40,,,,,970,2639,,,7,11,35.913312694,718.87969787,,,,,,,,,,,,,
5,3949,5869,-890,40,,,,,900,2599,,,7,11,36.53250774,568.20251319,,,,,,,,,,,,,
5,3949,5869,-890,40,,,,,890,2579,,,7,11,34.055727554,684.37347237,,,,,,,,,,,,,
5,3949,5869,-890,40,,,,,870,2599,,,7,11,25.386996904,505.70790479,,,,,,,,,,,,,
5,3949,5869,-890,40,,,,,840,2599,,,7,11,40.247678019,443.9801014,,,,,,,,,,,,,
5,3949,5869,-890,40,,,,,840,2569,,,7,11,23.529411765,236.94274842,,,,,,,,,,,,,
5,3949,5869,-890,40,,,,,820,2569,,,7,11,29.102167183,268.76515638,,,,,,,,,,,,,
5,3949,5869,-890,40,,,,,820,2589,,,7,11,35.294117647,410.62408342,,,,,,,,,,,,,
5,3949,5869,-890,40,,,,,790,2579,,,7,11,34.674922601,51.375935741,,,,,,,,,,,,,
5,3949,5869,-890,40,,,,,760,2599,,,7,11,23.529411765,260.33030125,,,,,,,,,,,,,
5,3949,5869,-890,40,,,,,740,2599,,,7,11,28.482972136,245.37760354,,,,,,,,,,,,,
5,3949,5869,-890,40,,,,,800,2619,,,7,11,34.674922601,603.0921412,,,,,,,,,,,,,
5,3949,5869,-890,40,,,,,990,2589,,,7,11,30.959752322,859.20501489,,,,,,,,,,,,,
5,3949,5869,-890,40,,,,,970,2569,,,7,11,27.86377709,831.983437,,,,,,,,,,,,,
5,3949,5869,-890,40,,,,,880,2619,,,7,11,28.482972136,612.29380133,,,,,,,,,,,,,
5,3949,5869,-890,40,,,,,760,2739,,,7,11,31.578947368,426.34358615,,,,,,,,,,,,,
5,3949,5869,-890,40,,,,,930,2669,,,7,11,28.482972136,546.34857038,,,,,,,,,,,,,
5,3949,5869,-890,40,,,,,840,2619,,,7,11,18.575851393,309.40582196,,,,,,,,,,,,,
5,3949,5869,-890,40,,,,,250,2189,,,5,9,50.154798762,1126.4365612,,,,,,,,,,,,,
5,3949,5869,-890,40,,,,,290,2169,,,5,9,41.486068111,1689.2714394,,,,,,,,,,,,,
5,3949,5869,-890,40,,,,,330,2189,,,5,9,40.866873065,1693.4888669,,,,,,,,,,,,,
5,3949,5869,-890,40,,,,,370,2209,,,5,9,28.482972136,186.71702019,,,,,,,,,,,,,
5,3949,5869,-890,40,,,,,350,2219,,,5,9,34.674922601,1295.1336637,,,,,,,,,,,,,
5,3949,5869,-890,40,,,,,390,2239,,,5,9,48.297213622,1453.095496,,,,,,,,,,,,,
5,3949,5869,-890,40,,,,,390,2189,,,5,9,33.436532508,902.14609551,,,,,,,,,,,,,
5,3949,5869,-890,40,,,,,390,2159,,,5,9,24.767801858,1034.4199599,,,,,,,,,,,,,
5,3949,5869,-890,40,,,,,380,2139,,,5,9,27.86377709,1130.6539888,,,,,,,,,,,,,
5,3949,5869,-890,40,,,,,370,2119,,,5,9,45.820433437,530.24566515,,,,,,,,,,,,,
5,3949,5869,-890,40,,,,,390,2099,,,5,9,39.628482972,287.93528165,,,,,,,,,,,,,
5,3949,5869,-890,40,,,,,330,2109,,,5,9,34.055727554,194.76847281,,,,,,,,,,,,,
5,3949,5869,-890,40,,,,,310,2129,,,5,9,35.294117647,963.4904964,,,,,,,,,,,,,
5,3949,5869,-890,40,,,,,330,2129,,,5,9,37.770897833,739.20003066,,,,,,,,,,,,,
5,3949,5869,-890,40,,,,,260,2089,,,5,9,47.678018576,156.81162476,,,,,,,,,,,,,
5,3949,5869,-890,40,,,,,260,2019,,,5,9,30.959752322,679.00583729,,,,,,,,,,,,,
5,3949,5869,-890,40,,,,,250,1989,,,5,9,34.674922601,533.6962877,,,,,,,,,,,,,
5,3949,5869,-890,40,,,,,370,2019,,,5,9,46.439628483,1292.8332486,,,,,,,,,,,,,
5,3949,5869,-890,40,,,,,350,2039,,,5,9,30.340557276,936.65232101,,,,,,,,,,,,,
5,3949,5869,-890,40,,,,,400,2059,,,5,9,37.151702786,1300.8847013,,,,,,,,,,,,,
5,3949,5869,-890,40,,,,,380,2059,,,5,9,37.151702786,786.74194135,,,,,,,,,,,,,
5,3949,5869,-890,40,,,,,400,1969,,,5,9,43.343653251,914.79837819,,,,,,,,,,,,,
5,3949,5869,-890,40,,,,,370,1979,,,5,9,37.770897833,172.14772498,,,,,,,,,,,,,
5,3949,5869,-890,40,,,,,330,1979,,,5,9,32.817337461,909.04734061,,,,,,,,,,,,,
5,3949,5869,-890,40,,,,,260,2229,,,5,9,22.910216718,458.93279912,,,,,,,,,,,,,
5,3949,5869,-890,40,,,,,130,2189,,,5,9,32.817337461,723.86393044,,,,,,,,,,,,,
5,3949,5869,-890,40,,,,,110,2069,,,5,9,36.53250774,139.55851201,,,,,,,,,,,,,
5,3949,5869,-890,40,,,,,130,2059,,,5,9,32.198142415,558.61745056,,,,,,,,,,,,,
5,3949,5869,-890,40,,,,,150,1979,,,5,9,43.343653251,665.20334709,,,,,,,,,,,,,
5,3949,5869,-890,40,,,,,200,2089,,,5,9,52.631578947,722.33032042,,,,,,,,,,,,,
5,3949,5869,-890,40,,,,,190,2189,,,5,9,48.916408669,687.44069241,,,,,,,,,,,,,
5,3949,5869,-890,40,,,,,220,2199,,,5,9,38.390092879,850.38675726,,,,,,,,,,,,,
5,3949,5869,-890,40,,,,,200,2259,,,5,10,37.151702786,469.28466677,,,,,,,,,,,,,
5,3949,5869,-890,40,,,,,320,2239,,,5,9,32.198142415,884.50958026,,,,,,,,,,,,,
5,3949,5869,-890,40,,,,,730,2239,,,7,9,39.009287926,498.42325719,,,,,,,,,,,,,
5,3949,5869,-890,40,,,,,730,2219,,,7,9,40.247678019,835.43405955,,,,,,,,,,,,,
5,3949,5869,-890,40,,,,,760,2229,,,7,9,29.102167183,568.96931821,,,,,,,,,,,,,
5,3949,5869,-890,40,,,,,780,2219,,,7,9,35.294117647,365.38258777,,,,,,,,,,,,,
5,3949,5869,-890,40,,,,,800,2199,,,7,9,41.486068111,361.54856271,,,,,,,,,,,,,
5,3949,5869,-890,40,,,,,820,2219,,,7,9,42.105263158,1163.2432018,,,,,,,,,,,,,
5,3949,5869,-890,40,,,,,850,2209,,,7,9,30.340557276,515.29296743,,,,,,,,,,,,,
5,3949,5869,-890,40,,,,,830,2249,,,7,9,51.393188854,1371.4307623,,,,,,,,,,,,,
5,3949,5869,-890,40,,,,,840,2229,,,7,9,39.628482972,195.15187531,,,,,,,,,,,,,
5,3949,5869,-890,40,,,,,870,2209,,,7,9,43.962848297,606.54276375,,,,,,,,,,,,,
5,3949,5869,-890,40,,,,,910,2229,,,7,9,33.436532508,1173.2116669,,,,,,,,,,,,,
5,3949,5869,-890,40,,,,,890,2249,,,7,9,40.866873065,384.55271305,,,,,,,,,,,,,
5,3949,5869,-890,40,,,,,920,2239,,,7,9,42.105263158,1014.0996271,,,,,,,,,,,,,
5,3949,5869,-890,40,,,,,950,2239,,,7,9,41.486068111,846.1693297,,,,,,,,,,,,,
5,3949,5869,-890,40,,,,,940,2209,,,7,9,42.105263158,1640.1959187,,,,,,,,,,,,,
5,3949,5869,-890,40,,,,,950,2219,,,7,9,35.294117647,1454.629106,,,,,,,,,,,,,
5,3949,5869,-890,40,,,,,960,2219,,,7,9,32.817337461,802.84484658,,,,,,,,,,,,,
5,3949,5869,-890,40,,,,,980,2239,,,7,9,37.770897833,1459.9967411,,,,,,,,,,,,,
5,3949,5869,-890,40,,,,,1000,2239,,,7,9,38.390092879,1976.0565135,,,,,,,,,,,,,
5,3949,5869,-890,40,,,,,1010,2219,,,7,9,32.198142415,848.08634223,,,,,,,,,,,,,
5,3949,5869,-890,40,,,,,960,2189,,,7,9,29.102167183,859.20501489,,,,,,,,,,,,,
5,3949,5869,-890,40,,,,,990,2169,,,7,9,33.436532508,763.35438851,,,,,,,,,,,,,
5,3949,5869,-890,40,,,,,930,2169,,,7,9,29.102167183,244.22739602,,,,,,,,,,,,,
5,3949,5869,-890,40,,,,,910,2179,,,7,9,32.817337461,789.04235638,,,,,,,,,,,,,
5,3949,5869,-890,40,,,,,970,2149,,,7,9,26.00619195,813.96351924,,,,,,,,,,,,,
5,3949,5869,-890,40,,,,,980,2119,,,7,9,32.198142415,1022.5344822,,,,,,,,,,,,,
5,3949,5869,-890,40,,,,,1000,2109,,,7,9,34.674922601,983.81082919,,,,,,,,,,,,,
5,3949,5869,-890,40,,,,,950,2149,,,7,9,30.959752322,1139.8556489,,,,,,,,,,,,,
5,3949,5869,-890,40,,,,,940,2119,,,7,9,29.102167183,1111.100461,,,,,,,,,,,,,
5,3949,5869,-890,40,,,,,910,2139,,,7,9,30.959752322,222.37345321,,,,,,,,,,,,,
5,3949,5869,-890,40,,,,,920,2149,,,7,9,35.913312694,807.44567665,,,,,,,,,,,,,
5,3949,5869,-890,40,,,,,900,2119,,,7,9,31.578947368,825.0821919,,,,,,,,,,,,,
5,3949,5869,-890,40,,,,,880,2109,,,7,9,26.00619195,502.64068475,,,,,,,,,,,,,
5,3949,5869,-890,40,,,,,870,2129,,,7,9,27.86377709,4.9842325719,,,,,,,,,,,,,
5,3949,5869,-890,40,,,,,850,2149,,,7,9,43.343653251,1125.6697562,,,,,,,,,,,,,
5,3949,5869,-890,40,,,,,880,2159,,,7,9,33.436532508,634.53114665,,,,,,,,,,,,,
5,3949,5869,-890,40,,,,,830,2159,,,7,9,35.294117647,246.91121356,,,,,,,,,,,,,
5,3949,5869,-890,40,,,,,820,2179,,,7,9,26.625386997,386.08632307,,,,,,,,,,,,,
5,3949,5869,-890,40,,,,,830,2199,,,7,9,34.055727554,922.4664283,,,,,,,,,,,,,
5,3949,5869,-890,40,,,,,780,2149,,,7,9,37.770897833,614.59421636,,,,,,,,,,,,,
5,3949,5869,-890,40,,,,,790,2159,,,7,9,32.817337461,50.60913073,,,,,,,,,,,,,
5,3949,5869,-890,40,,,,,780,2169,,,7,9,27.86377709,120.00498423,,,,,,,,,,,,,
5,3949,5869,-890,40,,,,,750,2159,,,7,9,37.151702786,669.42077465,,,,,,,,,,,,,
5,3949,5869,-890,40,,,,,730,2159,,,7,9,26.00619195,41.790873103,,,,,,,,,,,,,
5,3949,5869,-890,40,,,,,720,2179,,,7,9,40.866873065,600.79172617,,,,,,,,,,,,,
5,3949,5869,-890,40,,,,,730,2109,,,7,9,42.724458204,764.50459603,,,,,,,,,,,,,
5,3949,5869,-890,40,,,,,740,2099,,,7,9,21.052631579,157.96183228,,,,,,,,,,,,,
5,3949,5869,-890,40,,,,,750,2119,,,7,9,28.482972136,215.85561061,,,,,,,,,,,,,
5,3949,5869,-890,40,,,,,760,2129,,,7,9,34.055727554,510.30873486,,,,,,,,,,,,,
5,3949,5869,-890,40,,,,,770,2109,,,7,9,50.154798762,192.46805778,,,,,,,,,,,,,
5,3949,5869,-890,40,,,,,820,2109,,,7,9,40.866873065,574.33695328,,,,,,,,,,,,,
5,3949,5869,-890,40,,,,,840,2129,,,7,9,29.721362229,60.194193368,,,,,,,,,,,,,
5,3949,5869,-890,40,,,,,820,2139,,,7,9,36.53250774,931.28468593,,,,,,,,,,,,,
5,3949,5869,-890,40,,,,,830,2089,,,7,9,23.529411765,526.02823759,,,,,,,,,,,,,
5,3949,5869,-890,40,,,,,850,2099,,,7,9,24.767801858,682.45645984,,,,,,,,,,,,,
5,3949,5869,-890,40,,,,,860,2079,,,7,9,27.244582043,276.04980398,,,,,,,,,,,,,
5,3949,5869,-890,40,,,,,890,2089,,,7,9,35.913312694,609.9933863,,,,,,,,,,,,,
5,3949,5869,-890,40,,,,,950,2079,,,7,9,29.721362229,918.24900074,,,,,,,,,,,,,
5,3949,5869,-890,40,,,,,950,2049,,,7,9,40.247678019,1191.9983897,,,,,,,,,,,,,
5,3949,5869,-890,40,,,,,1000,2069,,,7,9,42.105263158,1793.5569209,,,,,,,,,,,,,
5,3949,5869,-890,40,,,,,1010,2039,,,7,9,35.294117647,891.02742285,,,,,,,,,,,,,
5,3949,5869,-890,40,,,,,990,2019,,,7,9,27.86377709,958.12286132,,,,,,,,,,,,,
5,3949,5869,-890,40,,,,,790,2079,,,7,9,40.247678019,494.97263464,,,,,,,,,,,,,
5,3949,5869,-890,40,,,,,770,2079,,,7,9,42.724458204,28.755187915,,,,,,,,,,,,,
5,3949,5869,-890,40,,,,,750,2059,,,7,9,30.340557276,434.01163626,,,,,,,,,,,,,
5,3949,5869,-890,40,,,,,730,2059,,,7,9,44.582043344,601.17512867,,,,,,,,,,,,,
5,3949,5869,-890,40,,,,,740,2029,,,7,9,30.959752322,153.36100221,,,,,,,,,,,,,
5,3949,5869,-890,40,,,,,720,2009,,,7,9,36.53250774,427.11039116,,,,,,,,,,,,,
5,3949,5869,-890,40,,,,,740,1999,,,7,9,30.340557276,9.5850626382,,,,,,,,,,,,,
5,3949,5869,-890,40,,,,,720,1979,,,7,9,25.386996904,232.72532086,,,,,,,,,,,,,
5,3949,5869,-890,40,,,,,760,2019,,,7,9,37.770897833,491.90541459,,,,,,,,,,,,,
5,3949,5869,-890,40,,,,,770,2029,,,7,9,36.53250774,298.67055181,,,,,,,,,,,,,
5,3949,5869,-890,40,,,,,770,2009,,,7,9,27.86377709,286.40167163,,,,,,,,,,,,,
5,3949,5869,-890,40,,,,,750,1979,,,7,9,23.529411765,264.54772882,,,,,,,,,,,,,
5,3949,5869,-890,40,,,,,740,1959,,,7,9,25.386996904,261.48050877,,,,,,,,,,,,,
5,3949,5869,-890,40,,,,,770,1989,,,7,9,36.53250774,557.08384053,,,,,,,,,,,,,
5,3949,5869,-890,40,,,,,790,1979,,,7,9,31.578947368,452.41495653,,,,,,,,,,,,,
5,3949,5869,-890,40,,,,,770,1969,,,7,9,22.910216718,339.31121739,,,,,,,,,,,,,
5,3949,5869,-890,40,,,,,830,1979,,,7,9,28.482972136,98.917846427,,,,,,,,,,,,,
5,3949,5869,-890,40,,,,,830,2019,,,7,9,26.00619195,70.929463523,,,,,,,,,,,,,
5,3949,5869,-890,40,,,,,800,2019,,,7,9,26.625386997,203.58673044,,,,,,,,,,,,,
5,3949,5869,-890,40,,,,,800,2049,,,7,9,37.151702786,527.1784451,,,,,,,,,,,,,
5,3949,5869,-890,40,,,,,830,2069,,,7,9,50.154798762,1028.2855198,,,,,,,,,,,,,
5,3949,5869,-890,40,,,,,860,2049,,,7,9,30.340557276,441.67968637,,,,,,,,,,,,,
5,3949,5869,-890,40,,,,,850,2019,,,7,9,32.817337461,691.27471747,,,,,,,,,,,,,
5,3949,5869,-890,40,,,,,860,2009,,,7,9,35.294117647,483.85396198,,,,,,,,,,,,,
5,3949,5869,-890,40,,,,,910,2029,,,7,9,32.198142415,448.58093147,,,,,,,,,,,,,
5,3949,5869,-890,40,,,,,900,2059,,,7,9,36.53250774,627.24649905,,,,,,,,,,,,,
5,3949,5869,-890,40,,,,,920,2039,,,7,9,20.433436533,430.94441622,,,,,,,,,,,,,
5,3949,5869,-890,40,,,,,930,2009,,,7,9,32.198142415,322.44150715,,,,,,,,,,,,,
5,3949,5869,-890,40,,,,,950,2019,,,7,9,36.53250774,1331.5569017,,,,,,,,,,,,,
5,3949,5869,-890,40,,,,,940,1999,,,7,9,29.102167183,617.2780339,,,,,,,,,,,,,
5,3949,5869,-890,40,,,,,930,1989,,,7,9,29.721362229,842.71870715,,,,,,,,,,,,,
5,3949,5869,-890,40,,,,,960,1989,,,7,9,26.00619195,841.18509713,,,,,,,,,,,,,
5,3949,5869,-890,40,,,,,1530,2199,,,9,9,45.820433437,1310.8531664,,,,,,,,,,,,,
5,3949,5869,-890,40,,,,,1550,2159,,,9,9,48.916408669,1470.7320112,,,,,,,,,,,,,
5,3949,5869,-890,40,,,,,1430,2079,,,9,9,52.012383901,235.02573589,,,,,,,,,,,,,
5,3949,5869,-890,40,,,,,1480,1979,,,9,9,29.102167183,547.4987779,,,,,,,,,,,,,
5,3949,5869,-890,40,,,,,1510,1969,,,9,9,27.86377709,72.463073545,,,,,,,,,,,,,
5,3949,5869,-890,40,,,,,1450,2009,,,9,9,65.634674923,656.00168696,,,,,,,,,,,,,
5,3949,5869,-890,40,,,,,1560,2039,,,9,9,39.628482972,1196.9826223,,,,,,,,,,,,,
5,3949,5869,-890,40,,,,,1480,2249,,,9,9,47.058823529,1491.819149,,,,,,,,,,,,,
5,3949,5869,-890,40,,,,,1340,2109,,,9,9,55.108359133,1113.7842786,,,,,,,,,,,,,
5,3949,5869,-890,40,,,,,1390,1999,,,9,9,37.770897833,507.62491732,,,,,,,,,,,,,
5,3949,5869,-890,40,,,,,2180,2139,,,11,9,33.436532508,40.257263081,,,,,,,,,,,,,
5,3949,5869,-890,40,,,,,2070,2179,,,11,9,43.962848297,987.64485424,,,,,,,,,,,,,
5,3949,5869,-890,40,,,,,2870,1979,,,13,9,68.730650155,1808.5096186,,,,,,,,,,,,,
5,3949,5869,-890,40,,,,,2030,1619,,,11,7,36.53250774,202.81992543,,,,,,,,,,,,,
5,3949,5869,-890,40,,,,,1490,1579,,,9,7,48.297213622,1494.119564,,,,,,,,,,,,,
5,3949,5869,-890,40,,,,,1440,1579,,,9,7,34.055727554,753.38592337,,,,,,,,,,,,,
5,3949,5869,-890,40,,,,,1410,1479,,,9,7,36.53250774,340.0780224,,,,,,,,,,,,,
5,3949,5869,-890,40,,,,,1400,1459,,,9,7,39.009287926,1085.4124932,,,,,,,,,,,,,
5,3949,5869,-890,40,,,,,1360,1589,,,9,7,43.962848297,656.76849197,,,,,,,,,,,,,
5,3949,5869,-890,40,,,,,1630,1489,,,9,7,33.436532508,714.66227031,,,,,,,,,,,,,
5,3949,5869,-890,40,,,,,1630,1359,,,9,7,30.959752322,1033.6531549,,,,,,,,,,,,,
5,3949,5869,-890,40,,,,,1570,1429,,,9,7,44.582043344,1252.1925831,,,,,,,,,,,,,
5,3949,5869,-890,40,,,,,840,1359,,,7,7,68.111455108,328.19254473,,,,,,,,,,,,,
5,3949,5869,-890,40,,,,,830,1419,,,7,7,38.390092879,934.35190598,,,,,,,,,,,,,
5,3949,5869,-890,40,,,,,750,1389,,,7,7,42.105263158,242.693786,,,,,,,,,,,,,
5,3949,5869,-890,40,,,,,740,1599,,,7,7,41.486068111,629.93031659,,,,,,,,,,,,,
5,3949,5869,-890,40,,,,,900,1539,,,7,7,42.105263158,1685.8208168,,,,,,,,,,,,,
5,3949,5869,-890,40,,,,,1000,1609,,,7,7,52.631578947,1238.7734954,,,,,,,,,,,,,
5,3949,5869,-890,40,,,,,970,1489,,,7,7,47.058823529,1755.6000728,,,,,,,,,,,,,
5,3949,5869,-890,40,,,,,900,1379,,,7,7,36.53250774,998.7635269,,,,,,,,,,,,,
5,3949,5869,-890,40,,,,,150,1499,,,5,7,43.343653251,825.46559441,,,,,,,,,,,,,
5,3949,5869,-890,40,,,,,120,1339,,,5,7,44.582043344,164.09627237,,,,,,,,,,,,,
5,3949,5869,-890,40,,,,,380,1619,,,5,7,32.198142415,1565.8158326,,,,,,,,,,,,,
5,3949,5869,-890,40,,,,,320,1599,,,5,7,39.009287926,1830.7469639,,,,,,,,,,,,,
5,3949,5869,-890,40,,,,,360,1559,,,5,7,37.151702786,991.09547679,,,,,,,,,,,,,
5,3949,5869,-890,40,,,,,310,1529,,,5,7,24.767801858,9.9684651438,,,,,,,,,,,,,
5,3949,5869,-890,40,,,,,260,1619,,,5,7,40.866873065,416.75852351,,,,,,,,,,,,,
5,3949,5869,-890,40,,,,,220,1569,,,5,7,34.055727554,1165.1602143,,,,,,,,,,,,,
5,3949,5869,-890,40,,,,,190,1509,,,5,7,39.628482972,259.56349624,,,,,,,,,,,,,
5,3949,5869,-890,40,,,,,240,1419,,,5,7,34.674922601,959.27306884,,,,,,,,,,,,,
5,3949,5869,-890,40,,,,,230,1379,,,5,7,34.674922601,810.51289669,,,,,,,,,,,,,
5,3949,5869,-890,40,,,,,360,1329,,,5,7,17.956656347,328.57594724,,,,,,,,,,,,,
5,3949,5869,-890,40,,,,,370,1439,,,5,7,40.247678019,1523.641557,,,,,,,,,,,,,
5,3949,5869,-890,40,,,,,250,1329,,,5,7,32.198142415,629.16351157,,,,,,,,,,,,,
5,3949,5869,-890,40,,,,,390,859,,,5,5,35.913312694,766.80501106,,,,,,,,,,,,,
5,3949,5869,-890,40,,,,,240,939,,,5,5,33.436532508,1029.0523248,,,,,,,,,,,,,
5,3949,5869,-890,40,,,,,890,1009,,,7,5,53.86996904,2374.0283142,,,,,,,,,,,,,
5,3949,5869,-890,40,,,,,930,929,,,7,5,33.436532508,1183.9469371,,,,,,,,,,,,,
5,3949,5869,-890,40,,,,,1440,889,,,9,5,27.86377709,545.58176537,,,,,,,,,,,,,
5,3949,5869,-890,40,,,,,1560,709,,,9,5,32.198142415,588.90624849,,,,,,,,,,,,,
5,3949,5869,-890,40,,,,,1490,1009,,,9,5,34.674922601,1570.4166627,,,,,,,,,,,,,
5,3949,5869,-890,40,,,,,2260,969,,,11,5,39.009287926,1461.1469486,,,,,,,,,,,,,
5,3949,5869,-890,40,,,,,2210,349,,,11,3,58.823529412,2114.8482205,,,,,,,,,,,,,
5,3949,5869,-890,40,,,,,1460,139,,,9,3,29.721362229,312.47304201,,,,,,,,,,,,,
5,3949,5869,-890,40,,,,,1610,119,,,9,3,47.058823529,1172.4448619,,,,,,,,,,,,,
5,3949,5869,-890,40,,,,,820,369,,,7,3,52.631578947,1677.0025592,,,,,,,,,,,,,
5,3949,5869,-890,40,,,,,,,,,,,,,1,1,-990,-381,155,155,0,0,0,0,0,,
5,3949,5869,-890,40,,,,,,,,,,,,,1,2,-990,-71,155,155,0,0,0,0,0,,
5,3949,5869,-890,40,,,,,,,,,,,,,1,3,-990,239,155,155,0,0,0,0,0,,
5,3949,5869,-890,40,,,,,,,,,,,,,1,4,-990,549,155,155,0,0,0,0,0,,
5,3949,5869,-890,40,,,,,,,,,,,,,1,5,-990,859,155,155,0,0,0,0,0,,
5,3949,5869,-890,40,,,,,,,,,,,,,1,6,-990,1169,155,155,0,0,0,0,0,,
5,3949,5869,-890,40,,,,,,,,,,,,,1,7,-990,1479,155,155,0,0,0,0,0,,
5,3949,5869,-890,40,,,,,,,,,,,,,1,8,-990,1789,155,155,0,0,0,0,0,,
5,3949,5869,-890,40,,,,,,,,,,,,,1,9,-990,2099,155,155,0,0,0,0,0,,
5,3949,5869,-890,40,,,,,,,,,,,,,1,10,-990,2409,155,155,0,0,0,0,0,,
5,3949,5869,-890,40,,,,,,,,,,,,,1,11,-990,2719,155,155,0,0,0,0,0,,
5,3949,5869,-890,40,,,,,,,,,,,,,1,12,-990,3029,155,155,0,0,0,0,0,,
5,3949,5869,-890,40,,,,,,,,,,,,,1,13,-990,3339,155,155,0,0,0,0,0,,
5,3949,5869,-890,40,,,,,,,,,,,,,1,14,-990,3649,155,155,0,0,0,0,0,,
5,3949,5869,-890,40,,,,,,,,,,,,,1,15,-990,3959,155,155,0,0,0,0,0,,
5,3949,5869,-890,40,,,,,,,,,,,,,1,16,-990,4269,155,155,0,0,0,0,0,,
5,3949,5869,-890,40,,,,,,,,,,,,,1,17,-990,4579,155,155,0,0,0,0,0,,
5,3949,5869,-890,40,,,,,,,,,,,,,1,18,-990,4889,155,155,0,0,0,0,0,,
5,3949,5869,-890,40,,,,,,,,,,,,,1,19,-990,5199,155,155,0,0,0,0,0,,
5,3949,5869,-890,40,,,,,,,,,,,,,1,20,-990,5509,155,155,0,0,0,0,0,,
5,3949,5869,-890,40,,,,,,,,,,,,,1,21,-990,5819,155,155,0,0,0,0,0,,
5,3949,5869,-890,40,,,,,,,,,,,,,1,22,-990,6129,155,155,0,0,0,0,0,,
5,3949,5869,-890,40,,,,,,,,,,,,,2,1,-680,-381,155,155,0,0,0,0,0,,
5,3949,5869,-890,40,,,,,,,,,,,,,2,2,-680,-71,155,155,0,0,0,0,0,,
5,3949,5869,-890,40,,,,,,,,,,,,,2,3,-680,239,155,155,0,0,0,0,0,,
5,3949,5869,-890,40,,,,,,,,,,,,,2,4,-680,549,155,155,0,0,0,0,0,,
5,3949,5869,-890,40,,,,,,,,,,,,,2,5,-680,859,155,155,0,0,0,0,0,,
5,3949,5869,-890,40,,,,,,,,,,,,,2,6,-680,1169,155,155,0,0,0,0,0,,
5,3949,5869,-890,40,,,,,,,,,,,,,2,7,-680,1479,155,155,0,0,0,0,0,,
5,3949,5869,-890,40,,,,,,,,,,,,,2,8,-680,1789,155,155,0,0,0,0,0,,
5,3949,5869,-890,40,,,,,,,,,,,,,2,9,-680,2099,155,155,0,0,0,0,0,,
5,3949,5869,-890,40,,,,,,,,,,,,,2,10,-680,2409,155,155,0,0,0,0,0,,
5,3949,5869,-890,40,,,,,,,,,,,,,2,11,-680,2719,155,155,0,0,0,0,0,,
5,3949,5869,-890,40,,,,,,,,,,,,,2,12,-680,3029,155,155,0,0,0,0,0,,
5,3949,5869,-890,40,,,,,,,,,,,,,2,13,-680,3339,155,155,0,0,0,0,0,,
5,3949,5869,-890,40,,,,,,,,,,,,,2,14,-680,3649,155,155,0,0,0,0,0,,
5,3949,5869,-890,40,,,,,,,,,,,,,2,15,-680,3959,155,155,0,0,0,0,0,,
5,3949,5869,-890,40,,,,,,,,,,,,,2,16,-680,4269,155,155,0,0,0,0,0,,
5,3949,5869,-890,40,,,,,,,,,,,,,2,17,-680,4579,155,155,0,0,0,0,0,,
5,3949,5869,-890,40,,,,,,,,,,,,,2,18,-680,4889,155,155,0,0,0,0,0,,
5,3949,5869,-890,40,,,,,,,,,,,,,2,19,-680,5199,155,155,0,0,0,0,0,,
5,3949,5869,-890,40,,,,,,,,,,,,,2,20,-680,5509,155,155,0,0,0,0,0,,
5,3949,5869,-890,40,,,,,,,,,,,,,2,21,-680,5819,155,155,0,0,0,0,0,,
5,3949,5869,-890,40,,,,,,,,,,,,,2,22,-680,6129,155,155,0,0,0,0,0,,
5,3949,5869,-890,40,,,,,,,,,,,,,3,1,-370,-381,155,155,0,0,0,0,0,,
5,3949,5869,-890,40,,,,,,,,,,,,,3,2,-370,-71,155,155,0,0,0,0,0,,
5,3949,5869,-890,40,,,,,,,,,,,,,3,3,-370,239,155,155,0,0,0,0,0,,
5,3949,5869,-890,40,,,,,,,,,,,,,3,4,-370,549,155,155,0,0,0,0,0,,
5,3949,5869,-890,40,,,,,,,,,,,,,3,5,-370,859,155,155,0,0,0,0,0,,
5,3949,5869,-890,40,,,,,,,,,,,,,3,6,-370,1169,155,155,0,0,0,0,0,,
5,3949,5869,-890,40,,,,,,,,,,,,,3,7,-370,1479,155,155,0,0,0,0,0,,
5,3949,5869,-890,40,,,,,,,,,,,,,3,8,-370,1789,155,155,0,0,0,0,0,,
5,3949,5869,-890,40,,,,,,,,,,,,,3,9,-370,2099,155,155,0,0,0,0,0,,
5,3949,5869,-890,40,,,,,,,,,,,,,3,10,-370,2409,155,155,0,0,0,0,0,,
5,3949,5869,-890,40,,,,,,,,,,,,,3,11,-370,2719,155,155,0,0,0,0,0,,
5,3949,5869,-890,40,,,,,,,,,,,,,3,12,-370,3029,155,155,0,0,0,0,0,,
5,3949,5869,-890,40,,,,,,,,,,,,,3,13,-370,3339,155,155,0,0,0,0,0,,
5,3949,5869,-890,40,,,,,,,,,,,,,3,14,-370,3649,155,155,0,0,0,0,0,,
5,3949,5869,-890,40,,,,,,,,,,,,,3,15,-370,3959,155,155,0,0,0,0,0,,
5,3949,5869,-890,40,,,,,,,,,,,,,3,16,-370,4269,155,155,0,0,0,0,0,,
5,3949,5869,-890,40,,,,,,,,,,,,,3,17,-370,4579,155,155,1,3,2,1,0,40.660474716,1004.131162
5,3949,5869,-890,40,,,,,,,,,,,,,3,18,-370,4889,155,155,0,0,0,0,0,,
5,3949,5869,-890,40,,,,,,,,,,,,,3,19,-370,5199,155,155,1,2,0,2,0,42.414860681,1007.965187
5,3949,5869,-890,40,,,,,,,,,,,,,3,20,-370,5509,155,155,0,0,0,0,0,,
5,3949,5869,-890,40,,,,,,,,,,,,,3,21,-370,5819,155,155,0,0,0,0,0,,
5,3949,5869,-890,40,,,,,,,,,,,,,3,22,-370,6129,155,155,0,0,0,0,0,,
5,3949,5869,-890,40,,,,,,,,,,,,,4,1,-60,-381,155,155,0,0,0,0,0,,
5,3949,5869,-890,40,,,,,,,,,,,,,4,2,-60,-71,155,155,0,0,0,0,0,,
5,3949,5869,-890,40,,,,,,,,,,,,,4,3,-60,239,155,155,0,0,0,0,0,,
5,3949,5869,-890,40,,,,,,,,,,,,,4,4,-60,549,155,155,0,0,0,0,0,,
5,3949,5869,-890,40,,,,,,,,,,,,,4,5,-60,859,155,155,0,0,0,0,0,,
5,3949,5869,-890,40,,,,,,,,,,,,,4,6,-60,1169,155,155,0,0,0,0,0,,
5,3949,5869,-890,40,,,,,,,,,,,,,4,7,-60,1479,155,155,0,0,0,0,0,,
5,3949,5869,-890,40,,,,,,,,,,,,,4,8,-60,1789,155,155,0,0,0,0,0,,
5,3949,5869,-890,40,,,,,,,,,,,,,4,9,-60,2099,155,155,0,0,0,0,0,,
5,3949,5869,-890,40,,,,,,,,,,,,,4,10,-60,2409,155,155,0,0,0,0,0,,
5,3949,5869,-890,40,,,,,,,,,,,,,4,11,-60,2719,155,155,0,0,0,0,0,,
5,3949,5869,-890,40,,,,,,,,,,,,,4,12,-60,3029,155,155,0,0,0,0,0,,
5,3949,5869,-890,40,,,,,,,,,,,,,4,13,-60,3339,155,155,0,0,0,0,0,,
5,3949,5869,-890,40,,,,,,,,,,,,,4,14,-60,3649,155,155,0,0,0,0,0,,
5,3949,5869,-890,40,,,,,,,,,,,,,4,15,-60,3959,155,155,0,0,0,0,0,,
5,3949,5869,-890,40,,,,,,,,,,,,,4,16,-60,4269,155,155,0,0,0,0,0,,
5,3949,5869,-890,40,,,,,,,,,,,,,4,17,-60,4579,155,155,0,0,0,0,0,,
5,3949,5869,-890,40,,,,,,,,,,,,,4,18,-60,4889,155,155,0,0,0,0,0,,
5,3949,5869,-890,40,,,,,,,,,,,,,4,19,-60,5199,155,155,0,0,0,0,0,,
5,3949,5869,-890,40,,,,,,,,,,,,,4,20,-60,5509,155,155,0,0,0,0,0,,
5,3949,5869,-890,40,,,,,,,,,,,,,4,21,-60,5819,155,155,0,0,0,0,0,,
5,3949,5869,-890,40,,,,,,,,,,,,,4,22,-60,6129,155,155,0,0,0,0,0,,
5,3949,5869,-890,40,,,,,,,,,,,,,5,1,250,-381,155,155,0,0,0,0,0,,
5,3949,5869,-890,40,,,,,,,,,,,,,5,2,250,-71,155,155,0,0,0,0,0,,
5,3949,5869,-890,40,,,,,,,,,,,,,5,3,250,239,155,155,0,0,0,0,0,,
5,3949,5869,-890,40,,,,,,,,,,,,,5,4,250,549,155,155,0,0,0,0,0,,
5,3949,5869,-890,40,,,,,,,,,,,,,5,5,250,859,155,155,1,5,3,2,0,51.888544892,1695.942643
5,3949,5869,-890,40,,,,,,,,,,,,,5,6,250,1169,155,155,0,0,0,0,0,,
5,3949,5869,-890,40,,,,,,,,,,,,,5,7,250,1479,155,155,1,58,43,14,1,33.863563574,784.66627951
5,3949,5869,-890,40,,,,,,,,,,,,,5,8,250,1789,155,155,0,1,1,0,0,35.913312694,1158.6423717
5,3949,5869,-890,40,,,,,,,,,,,,,5,9,250,2099,155,155,1,33,0,33,0,37.602026457,806.07472223
5,3949,5869,-890,40,,,,,,,,,,,,,5,10,250,2409,155,155,0,1,0,1,0,37.151702786,469.28466677
5,3949,5869,-890,40,,,,,,,,,,,,,5,11,250,2719,155,155,0,0,0,0,0,,
5,3949,5869,-890,40,,,,,,,,,,,,,5,12,250,3029,155,155,0,0,0,0,0,,
5,3949,5869,-890,40,,,,,,,,,,,,,5,13,250,3339,155,155,0,0,0,0,0,,
5,3949,5869,-890,40,,,,,,,,,,,,,5,14,250,3649,155,155,0,0,0,0,0,,
5,3949,5869,-890,40,,,,,,,,,,,,,5,15,250,3959,155,155,1,12,4,8,0,45.923632611,1144.1050267
5,3949,5869,-890,40,,,,,,,,,,,,,5,16,250,4269,155,155,0,0,0,0,0,,
5,3949,5869,-890,40,,,,,,,,,,,,,5,17,250,4579,155,155,1,2,0,2,0,39.009287926,1315.2622952
5,3949,5869,-890,40,,,,,,,,,,,,,5,18,250,4889,155,155,0,0,0,0,0,,
5,3949,5869,-890,40,,,,,,,,,,,,,5,19,250,5199,155,155,1,1,0,1,0,41.486068111,656.00168696
5,3949,5869,-890,40,,,,,,,,,,,,,5,20,250,5509,155,155,0,0,0,0,0,,
5,3949,5869,-890,40,,,,,,,,,,,,,5,21,250,5819,155,155,0,0,0,0,0,,
5,3949,5869,-890,40,,,,,,,,,,,,,5,22,250,6129,155,155,0,0,0,0,0,,
5,3949,5869,-890,40,,,,,,,,,,,,,6,1,560,-381,155,155,0,0,0,0,0,,
5,3949,5869,-890,40,,,,,,,,,,,,,6,2,560,-71,155,155,0,0,0,0,0,,
5,3949,5869,-890,40,,,,,,,,,,,,,6,3,560,239,155,155,0,0,0,0,0,,
5,3949,5869,-890,40,,,,,,,,,,,,,6,4,560,549,155,155,0,0,0,0,0,,
5,3949,5869,-890,40,,,,,,,,,,,,,6,5,560,859,155,155,0,0,0,0,0,,
5,3949,5869,-890,40,,,,,,,,,,,,,6,6,560,1169,155,155,0,0,0,0,0,,
5,3949,5869,-890,40,,,,,,,,,,,,,6,7,560,1479,155,155,0,0,0,0,0,,
5,3949,5869,-890,40,,,,,,,,,,,,,6,8,560,1789,155,155,0,0,0,0,0,,
5,3949,5869,-890,40,,,,,,,,,,,,,6,9,560,2099,155,155,0,0,0,0,0,,
5,3949,5869,-890,40,,,,,,,,,,,,,6,10,560,2409,155,155,0,0,0,0,0,,
5,3949,5869,-890,40,,,,,,,,,,,,,6,11,560,2719,155,155,0,0,0,0,0,,
5,3949,5869,-890,40,,,,,,,,,,,,,6,12,560,3029,155,155,0,0,0,0,0,,
5,3949,5869,-890,40,,,,,,,,,,,,,6,13,560,3339,155,155,0,0,0,0,0,,
5,3949,5869,-890,40,,,,,,,,,,,,,6,14,560,3649,155,155,0,0,0,0,0,,
5,3949,5869,-890,40,,,,,,,,,,,,,6,15,560,3959,155,155,0,0,0,0,0,,
5,3949,5869,-890,40,,,,,,,,,,,,,6,16,560,4269,155,155,0,0,0,0,0,,
5,3949,5869,-890,40,,,,,,,,,,,,,6,17,560,4579,155,155,0,0,0,0,0,,
5,3949,5869,-890,40,,,,,,,,,,,,,6,18,560,4889,155,155,0,0,0,0,0,,
5,3949,5869,-890,40,,,,,,,,,,,,,6,19,560,5199,155,155,0,0,0,0,0,,
5,3949,5869,-890,40,,,,,,,,,,,,,6,20,560,5509,155,155,0,0,0,0,0,,
5,3949,5869,-890,40,,,,,,,,,,,,,6,21,560,5819,155,155,0,0,0,0,0,,
5,3949,5869,-890,40,,,,,,,,,,,,,6,22,560,6129,155,155,0,0,0,0,0,,
5,3949,5869,-890,40,,,,,,,,,,,,,7,1,870,-381,155,155,0,0,0,0,0,,
5,3949,5869,-890,40,,,,,,,,,,,,,7,2,870,-71,155,155,0,0,0,0,0,,
5,3949,5869,-890,40,,,,,,,,,,,,,7,3,870,239,155,155,1,1,0,1,0,52.631578947,1677.0025592
5,3949,5869,-890,40,,,,,,,,,,,,,7,4,870,549,155,155,0,0,0,0,0,,
5,3949,5869,-890,40,,,,,,,,,,,,,7,5,870,859,155,155,1,4,2,2,0,42.26006192,1429.8996444
5,3949,5869,-890,40,,,,,,,,,,,,,7,6,870,1169,155,155,0,0,0,0,0,,
5,3949,5869,-890,40,,,,,,,,,,,,,7,7,870,1479,155,155,1,10,2,8,0,44.582043344,904.13978854
5,3949,5869,-890,40,,,,,,,,,,,,,7,8,870,1789,155,155,0,0,0,0,0,,
5,3949,5869,-890,40,,,,,,,,,,,,,7,9,870,2099,155,155,1,95,1,94,0,33.847156591,629.40162471
5,3949,5869,-890,40,,,,,,,,,,,,,7,10,870,2409,155,155,0,0,0,0,0,,
5,3949,5869,-890,40,,,,,,,,,,,,,7,11,870,2719,155,155,1,36,2,34,0,32.851737186,609.33308198
5,3949,5869,-890,40,,,,,,,,,,,,,7,12,870,3029,155,155,0,0,0,0,0,,
5,3949,5869,-890,40,,,,,,,,,,,,,7,13,870,3339,155,155,0,0,0,0,0,,
5,3949,5869,-890,40,,,,,,,,,,,,,7,14,870,3649,155,155,0,0,0,0,0,,
5,3949,5869,-890,40,,,,,,,,,,,,,7,15,870,3959,155,155,1,6,0,6,0,48.194014448,1230.4664411
5,3949,5869,-890,40,,,,,,,,,,,,,7,16,870,4269,155,155,0,0,0,0,0,,
5,3949,5869,-890,40,,,,,,,,,,,,,7,17,870,4579,155,155,1,1,0,1,0,45.20123839,662.51952956
5,3949,5869,-890,40,,,,,,,,,,,,,7,18,870,4889,155,155,0,0,0,0,0,,
5,3949,5869,-890,40,,,,,,,,,,,,,7,19,870,5199,155,155,1,0,0,0,0,,
5,3949,5869,-890,40,,,,,,,,,,,,,7,20,870,5509,155,155,0,0,0,0,0,,
5,3949,5869,-890,40,,,,,,,,,,,,,7,21,870,5819,155,155,0,0,0,0,0,,
5,3949,5869,-890,40,,,,,,,,,,,,,7,22,870,6129,155,155,0,0,0,0,0,,
5,3949,5869,-890,40,,,,,,,,,,,,,8,1,1180,-381,155,155,0,0,0,0,0,,
5,3949,5869,-890,40,,,,,,,,,,,,,8,2,1180,-71,155,155,0,0,0,0,0,,
5,3949,5869,-890,40,,,,,,,,,,,,,8,3,1180,239,155,155,0,0,0,0,0,,
5,3949,5869,-890,40,,,,,,,,,,,,,8,4,1180,549,155,155,0,0,0,0,0,,
5,3949,5869,-890,40,,,,,,,,,,,,,8,5,1180,859,155,155,0,0,0,0,0,,
5,3949,5869,-890,40,,,,,,,,,,,,,8,6,1180,1169,155,155,0,0,0,0,0,,
5,3949,5869,-890,40,,,,,,,,,,,,,8,7,1180,1479,155,155,0,0,0,0,0,,
5,3949,5869,-890,40,,,,,,,,,,,,,8,8,1180,1789,155,155,0,0,0,0,0,,
5,3949,5869,-890,40,,,,,,,,,,,,,8,9,1180,2099,155,155,0,0,0,0,0,,
5,3949,5869,-890,40,,,,,,,,,,,,,8,10,1180,2409,155,155,0,0,0,0,0,,
5,3949,5869,-890,40,,,,,,,,,,,,,8,11,1180,2719,155,155,0,0,0,0,0,,
5,3949,5869,-890,40,,,,,,,,,,,,,8,12,1180,3029,155,155,0,0,0,0,0,,
5,3949,5869,-890,40,,,,,,,,,,,,,8,13,1180,3339,155,155,0,0,0,0,0,,
5,3949,5869,-890,40,,,,,,,,,,,,,8,14,1180,3649,155,155,0,0,0,0,0,,
5,3949,5869,-890,40,,,,,,,,,,,,,8,15,1180,3959,155,155,0,0,0,0,0,,
5,3949,5869,-890,40,,,,,,,,,,,,,8,16,1180,4269,155,155,0,0,0,0,0,,
5,3949,5869,-890,40,,,,,,,,,,,,,8,17,1180,4579,155,155,0,0,0,0,0,,
5,3949,5869,-890,40,,,,,,,,,,,,,8,18,1180,4889,155,155,0,0,0,0,0,,
5,3949,5869,-890,40,,,,,,,,,,,,,8,19,1180,5199,155,155,0,0,0,0,0,,
5,3949,5869,-890,40,,,,,,,,,,,,,8,20,1180,5509,155,155,0,0,0,0,0,,
5,3949,5869,-890,40,,,,,,,,,,,,,8,21,1180,5819,155,155,0,0,0,0,0,,
5,3949,5869,-890,40,,,,,,,,,,,,,8,22,1180,6129,155,155,0,0,0,0,0,,
5,3949,5869,-890,40,,,,,,,,,,,,,9,1,1490,-381,155,155,0,0,0,0,0,,
5,3949,5869,-890,40,,,,,,,,,,,,,9,2,1490,-71,155,155,0,0,0,0,0,,
5,3949,5869,-890,40,,,,,,,,,,,,,9,3,1490,239,155,155,1,3,1,2,0,42.930856553,1035.9535699
5,3949,5869,-890,40,,,,,,,,,,,,,9,4,1490,549,155,155,0,0,0,0,0,,
5,3949,5869,-890,40,,,,,,,,,,,,,9,5,1490,859,155,155,1,3,0,3,0,31.578947368,901.63489217
5,3949,5869,-890,40,,,,,,,,,,,,,9,6,1490,1169,155,155,0,0,0,0,0,,
5,3949,5869,-890,40,,,,,,,,,,,,,9,7,1490,1479,155,155,1,8,0,8,0,38.854489164,916.2840629
5,3949,5869,-890,40,,,,,,,,,,,,,9,8,1490,1789,155,155,0,0,0,0,0,,
5,3949,5869,-890,40,,,,,,,,,,,,,9,9,1490,2099,155,155,1,10,0,10,0,44.891640867,860.27854191
5,3949,5869,-890,40,,,,,,,,,,,,,9,10,1490,2409,155,155,0,0,0,0,0,,
5,3949,5869,-890,40,,,,,,,,,,,,,9,11,1490,2719,155,155,1,10,0,10,0,41.919504644,715.69745707
5,3949,5869,-890,40,,,,,,,,,,,,,9,12,1490,3029,155,155,0,0,0,0,0,,
5,3949,5869,-890,40,,,,,,,,,,,,,9,13,1490,3339,155,155,1,3,0,3,0,56.140350877,1112.7618719
5,3949,5869,-890,40,,,,,,,,,,,,,9,14,1490,3649,155,155,0,0,0,0,0,,
5,3949,5869,-890,40,,,,,,,,,,,,,9,15,1490,3959,155,155,1,2,0,2,0,45.20123839,628.39670656
5,3949,5869,-890,40,,,,,,,,,,,,,9,16,1490,4269,155,155,0,0,0,0,0,,
5,3949,5869,-890,40,,,,,,,,,,,,,9,17,1490,4579,155,155,1,1,0,1,0,49.535603715,1019.0838597
5,3949,5869,-890,40,,,,,,,,,,,,,9,18,1490,4889,155,155,0,0,0,0,0,,
5,3949,5869,-890,40,,,,,,,,,,,,,9,19,1490,5199,155,155,1,0,0,0,0,,
5,3949,5869,-890,40,,,,,,,,,,,,,9,20,1490,5509,155,155,0,0,0,0,0,,
5,3949,5869,-890,40,,,,,,,,,,,,,9,21,1490,5819,155,155,1,0,0,0,0,,
5,3949,5869,-890,40,,,,,,,,,,,,,9,22,1490,6129,155,155,0,0,0,0,0,,
5,3949,5869,-890,40,,,,,,,,,,,,,10,1,1800,-381,155,155,0,0,0,0,0,,
5,3949,5869,-890,40,,,,,,,,,,,,,10,2,1800,-71,155,155,0,0,0,0,0,,
5,3949,5869,-890,40,,,,,,,,,,,,,10,3,1800,239,155,155,0,0,0,0,0,,
5,3949,5869,-890,40,,,,,,,,,,,,,10,4,1800,549,155,155,0,0,0,0,0,,
5,3949,5869,-890,40,,,,,,,,,,,,,10,5,1800,859,155,155,0,0,0,0,0,,
5,3949,5869,-890,40,,,,,,,,,,,,,10,6,1800,1169,155,155,0,0,0,0,0,,
5,3949,5869,-890,40,,,,,,,,,,,,,10,7,1800,1479,155,155,0,0,0,0,0,,
5,3949,5869,-890,40,,,,,,,,,,,,,10,8,1800,1789,155,155,0,0,0,0,0,,
5,3949,5869,-890,40,,,,,,,,,,,,,10,9,1800,2099,155,155,0,0,0,0,0,,
5,3949,5869,-890,40,,,,,,,,,,,,,10,10,1800,2409,155,155,0,0,0,0,0,,
5,3949,5869,-890,40,,,,,,,,,,,,,10,11,1800,2719,155,155,0,0,0,0,0,,
5,3949,5869,-890,40,,,,,,,,,,,,,10,12,1800,3029,155,155,0,0,0,0,0,,
5,3949,5869,-890,40,,,,,,,,,,,,,10,13,1800,3339,155,155,0,0,0,0,0,,
5,3949,5869,-890,40,,,,,,,,,,,,,10,14,1800,3649,155,155,0,0,0,0,0,,
5,3949,5869,-890,40,,,,,,,,,,,,,10,15,1800,3959,155,155,0,0,0,0,0,,
5,3949,5869,-890,40,,,,,,,,,,,,,10,16,1800,4269,155,155,0,0,0,0,0,,
5,3949,5869,-890,40,,,,,,,,,,,,,10,17,1800,4579,155,155,0,0,0,0,0,,
5,3949,5869,-890,40,,,,,,,,,,,,,10,18,1800,4889,155,155,0,0,0,0,0,,
5,3949,5869,-890,40,,,,,,,,,,,,,10,19,1800,5199,155,155,0,0,0,0,0,,
5,3949,5869,-890,40,,,,,,,,,,,,,10,20,1800,5509,155,155,0,0,0,0,0,,
5,3949,5869,-890,40,,,,,,,,,,,,,10,21,1800,5819,155,155,0,0,0,0,0,,
5,3949,5869,-890,40,,,,,,,,,,,,,10,22,1800,6129,155,155,0,0,0,0,0,,
5,3949,5869,-890,40,,,,,,,,,,,,,11,1,2110,-381,155,155,0,0,0,0,0,,
5,3949,5869,-890,40,,,,,,,,,,,,,11,2,2110,-71,155,155,0,0,0,0,0,,
5,3949,5869,-890,40,,,,,,,,,,,,,11,3,2110,239,155,155,1,1,0,1,0,58.823529412,2114.8482205
5,3949,5869,-890,40,,,,,,,,,,,,,11,4,2110,549,155,155,0,0,0,0,0,,
5,3949,5869,-890,40,,,,,,,,,,,,,11,5,2110,859,155,155,1,1,0,1,0,39.009287926,1461.1469486
5,3949,5869,-890,40,,,,,,,,,,,,,11,6,2110,1169,155,155,0,0,0,0,0,,
5,3949,5869,-890,40,,,,,,,,,,,,,11,7,2110,1479,155,155,1,1,0,1,0,36.53250774,202.81992543
5,3949,5869,-890,40,,,,,,,,,,,,,11,8,2110,1789,155,155,0,0,0,0,0,,
5,3949,5869,-890,40,,,,,,,,,,,,,11,9,2110,2099,155,155,1,2,0,2,0,38.699690403,513.95105866
5,3949,5869,-890,40,,,,,,,,,,,,,11,10,2110,2409,155,155,0,0,0,0,0,,
5,3949,5869,-890,40,,,,,,,,,,,,,11,11,2110,2719,155,155,1,2,0,2,0,45.820433437,889.49381283
5,3949,5869,-890,40,,,,,,,,,,,,,11,12,2110,3029,155,155,0,0,0,0,0,,
5,3949,5869,-890,40,,,,,,,,,,,,,11,13,2110,3339,155,155,1,0,0,0,0,,
5,3949,5869,-890,40,,,,,,,,,,,,,11,14,2110,3649,155,155,0,0,0,0,0,,
5,3949,5869,-890,40,,,,,,,,,,,,,11,15,2110,3959,155,155,1,0,0,0,0,,
5,3949,5869,-890,40,,,,,,,,,,,,,11,16,2110,4269,155,155,0,0,0,0,0,,
5,3949,5869,-890,40,,,,,,,,,,,,,11,17,2110,4579,155,155,1,1,0,1,0,42.105263158,1696.1726845
5,3949,5869,-890,40,,,,,,,,,,,,,11,18,2110,4889,155,155,0,0,0,0,0,,
5,3949,5869,-890,40,,,,,,,,,,,,,11,19,2110,5199,155,155,1,0,0,0,0,,
5,3949,5869,-890,40,,,,,,,,,,,,,11,20,2110,5509,155,155,0,0,0,0,0,,
5,3949,5869,-890,40,,,,,,,,,,,,,11,21,2110,5819,155,155,1,0,0,0,0,,
5,3949,5869,-890,40,,,,,,,,,,,,,11,22,2110,6129,155,155,0,0,0,0,0,,
5,3949,5869,-890,40,,,,,,,,,,,,,12,1,2420,-381,155,155,0,0,0,0,0,,
5,3949,5869,-890,40,,,,,,,,,,,,,12,2,2420,-71,155,155,0,0,0,0,0,,
5,3949,5869,-890,40,,,,,,,,,,,,,12,3,2420,239,155,155,0,0,0,0,0,,
5,3949,5869,-890,40,,,,,,,,,,,,,12,4,2420,549,155,155,0,0,0,0,0,,
5,3949,5869,-890,40,,,,,,,,,,,,,12,5,2420,859,155,155,0,0,0,0,0,,
5,3949,5869,-890,40,,,,,,,,,,,,,12,6,2420,1169,155,155,0,0,0,0,0,,
5,3949,5869,-890,40,,,,,,,,,,,,,12,7,2420,1479,155,155,0,0,0,0,0,,
5,3949,5869,-890,40,,,,,,,,,,,,,12,8,2420,1789,155,155,0,0,0,0,0,,
5,3949,5869,-890,40,,,,,,,,,,,,,12,9,2420,2099,155,155,0,0,0,0,0,,
5,3949,5869,-890,40,,,,,,,,,,,,,12,10,2420,2409,155,155,0,0,0,0,0,,
5,3949,5869,-890,40,,,,,,,,,,,,,12,11,2420,2719,155,155,0,0,0,0,0,,
5,3949,5869,-890,40,,,,,,,,,,,,,12,12,2420,3029,155,155,0,0,0,0,0,,
5,3949,5869,-890,40,,,,,,,,,,,,,12,13,2420,3339,155,155,0,0,0,0,0,,
5,3949,5869,-890,40,,,,,,,,,,,,,12,14,2420,3649,155,155,0,0,0,0,0,,
5,3949,5869,-890,40,,,,,,,,,,,,,12,15,2420,3959,155,155,0,0,0,0,0,,
5,3949,5869,-890,40,,,,,,,,,,,,,12,16,2420,4269,155,155,0,0,0,0,0,,
5,3949,5869,-890,40,,,,,,,,,,,,,12,17,2420,4579,155,155,0,0,0,0,0,,
5,3949,5869,-890,40,,,,,,,,,,,,,12,18,2420,4889,155,155,0,0,0,0,0,,
5,3949,5869,-890,40,,,,,,,,,,,,,12,19,2420,5199,155,155,0,0,0,0,0,,
5,3949,5869,-890,40,,,,,,,,,,,,,12,20,2420,5509,155,155,0,0,0,0,0,,
5,3949,5869,-890,40,,,,,,,,,,,,,12,21,2420,5819,155,155,0,0,0,0,0,,
5,3949,5869,-890,40,,,,,,,,,,,,,12,22,2420,6129,155,155,0,0,0,0,0,,
5,3949,5869,-890,40,,,,,,,,,,,,,13,1,2730,-381,155,155,0,0,0,0,0,,
5,3949,5869,-890,40,,,,,,,,,,,,,13,2,2730,-71,155,155,0,0,0,0,0,,
5,3949,5869,-890,40,,,,,,,,,,,,,13,3,2730,239,155,155,0,0,0,0,0,,
5,3949,5869,-890,40,,,,,,,,,,,,,13,4,2730,549,155,155,0,0,0,0,0,,
5,3949,5869,-890,40,,,,,,,,,,,,,13,5,2730,859,155,155,0,0,0,0,0,,
5,3949,5869,-890,40,,,,,,,,,,,,,13,6,2730,1169,155,155,0,0,0,0,0,,
5,3949,5869,-890,40,,,,,,,,,,,,,13,7,2730,1479,155,155,1,0,0,0,0,,
5,3949,5869,-890,40,,,,,,,,,,,,,13,8,2730,1789,155,155,0,0,0,0,0,,
5,3949,5869,-890,40,,,,,,,,,,,,,13,9,2730,2099,155,155,1,1,0,1,0,68.730650155,1808.5096186
5,3949,5869,-890,40,,,,,,,,,,,,,13,10,2730,2409,155,155,0,0,0,0,0,,
5,3949,5869,-890,40,,,,,,,,,,,,,13,11,2730,2719,155,155,1,2,0,2,0,37.46130031,758.75355844
5,3949,5869,-890,40,,,,,,,,,,,,,13,12,2730,3029,155,155,0,0,0,0,0,,
5,3949,5869,-890,40,,,,,,,,,,,,,13,13,2730,3339,155,155,1,0,0,0,0,,
5,3949,5869,-890,40,,,,,,,,,,,,,13,14,2730,3649,155,155,0,0,0,0,0,,
5,3949,5869,-890,40,,,,,,,,,,,,,13,15,2730,3959,155,155,1,0,0,0,0,,
5,3949,5869,-890,40,,,,,,,,,,,,,13,16,2730,4269,155,155,0,0,0,0,0,,
5,3949,5869,-890,40,,,,,,,,,,,,,13,17,2730,4579,155,155,1,0,0,0,0,,
5,3949,5869,-890,40,,,,,,,,,,,,,13,18,2730,4889,155,155,0,0,0,0,0,,
5,3949,5869,-890,40,,,,,,,,,,,,,13,19,2730,5199,155,155,1,0,0,0,0,,
5,3949,5869,-890,40,,,,,,,,,,,,,13,20,2730,5509,155,155,0,0,0,0,0,,
5,3949,5869,-890,40,,,,,,,,,,,,,13,21,2730,5819,155,155,0,0,0,0,0,,
5,3949,5869,-890,40,,,,,,,,,,,,,13,22,2730,6129,155,155,0,0,0,0,0,,
5,3949,5869,-890,40,,,,,,,,,,,,,14,1,3040,-381,155,155,0,0,0,0,0,,
5,3949,5869,-890,40,,,,,,,,,,,,,14,2,3040,-71,155,155,0,0,0,0,0,,
5,3949,5869,-890,40,,,,,,,,,,,,,14,3,3040,239,155,155,0,0,0,0,0,,
5,3949,5869,-890,40,,,,,,,,,,,,,14,4,3040,549,155,155,0,0,0,0,0,,
5,3949,5869,-890,40,,,,,,,,,,,,,14,5,3040,859,155,155,0,0,0,0,0,,
5,3949,5869,-890,40,,,,,,,,,,,,,14,6,3040,1169,155,155,0,0,0,0,0,,
5,3949,5869,-890,40,,,,,,,,,,,,,14,7,3040,1479,155,155,0,0,0,0,0,,
5,3949,5869,-890,40,,,,,,,,,,,,,14,8,3040,1789,155,155,0,0,0,0,0,,
5,3949,5869,-890,40,,,,,,,,,,,,,14,9,3040,2099,155,155,0,0,0,0,0,,
5,3949,5869,-890,40,,,,,,,,,,,,,14,10,3040,2409,155,155,0,0,0,0,0,,
5,3949,5869,-890,40,,,,,,,,,,,,,14,11,3040,2719,155,155,0,0,0,0,0,,
5,3949,5869,-890,40,,,,,,,,,,,,,14,12,3040,3029,155,155,0,0,0,0,0,,
5,3949,5869,-890,40,,,,,,,,,,,,,14,13,3040,3339,155,155,0,0,0,0,0,,
5,3949,5869,-890,40,,,,,,,,,,,,,14,14,3040,3649,155,155,0,0,0,0,0,,
5,3949,5869,-890,40,,,,,,,,,,,,,14,15,3040,3959,155,155,0,0,0,0,0,,
5,3949,5869,-890,40,,,,,,,,,,,,,14,16,3040,4269,155,155,0,0,0,0,0,,
5,3949,5869,-890,40,,,,,,,,,,,,,14,17,3040,4579,155,155,0,0,0,0,0,,
5,3949,5869,-890,40,,,,,,,,,,,,,14,18,3040,4889,155,155,0,0,0,0,0,,
5,3949,5869,-890,40,,,,,,,,,,,,,14,19,3040,5199,155,155,0,0,0,0,0,,
5,3949,5869,-890,40,,,,,,,,,,,,,14,20,3040,5509,155,155,0,0,0,0,0,,
5,3949,5869,-890,40,,,,,,,,,,,,,14,21,3040,5819,155,155,0,0,0,0,0,,
5,3949,5869,-890,40,,,,,,,,,,,,,14,22,3040,6129,155,155,0,0,0,0,0,,
5,3949,5869,-890,40,,,,,,,,,,,,,15,1,3350,-381,155,155,0,0,0,0,0,,
5,3949,5869,-890,40,,,,,,,,,,,,,15,2,3350,-71,155,155,0,0,0,0,0,,
5,3949,5869,-890,40,,,,,,,,,,,,,15,3,3350,239,155,155,0,0,0,0,0,,
5,3949,5869,-890,40,,,,,,,,,,,,,15,4,3350,549,155,155,0,0,0,0,0,,
5,3949,5869,-890,40,,,,,,,,,,,,,15,5,3350,859,155,155,1,0,0,0,0,,
5,3949,5869,-890,40,,,,,,,,,,,,,15,6,3350,1169,155,155,0,0,0,0,0,,
5,3949,5869,-890,40,,,,,,,,,,,,,15,7,3350,1479,155,155,1,0,0,0,0,,
5,3949,5869,-890,40,,,,,,,,,,,,,15,8,3350,1789,155,155,0,0,0,0,0,,
5,3949,5869,-890,40,,,,,,,,,,,,,15,9,3350,2099,155,155,1,0,0,0,0,,
5,3949,5869,-890,40,,,,,,,,,,,,,15,10,3350,2409,155,155,0,0,0,0,0,,
5,3949,5869,-890,40,,,,,,,,,,,,,15,11,3350,2719,155,155,1,0,0,0,0,,
5,3949,5869,-890,40,,,,,,,,,,,,,15,12,3350,3029,155,155,0,0,0,0,0,,
5,3949,5869,-890,40,,,,,,,,,,,,,15,13,3350,3339,155,155,1,0,0,0,0,,
5,3949,5869,-890,40,,,,,,,,,,,,,15,14,3350,3649,155,155,0,0,0,0,0,,
5,3949,5869,-890,40,,,,,,,,,,,,,15,15,3350,3959,155,155,1,0,0,0,0,,
5,3949,5869,-890,40,,,,,,,,,,,,,15,16,3350,4269,155,155,0,0,0,0,0,,
5,3949,5869,-890,40,,,,,,,,,,,,,15,17,3350,4579,155,155,1,0,0,0,0,,
5,3949,5869,-890,40,,,,,,,,,,,,,15,18,3350,4889,155,155,0,0,0,0,0,,
5,3949,5869,-890,40,,,,,,,,,,,,,15,19,3350,5199,155,155,1,0,0,0,0,,
5,3949,5869,-890,40,,,,,,,,,,,,,15,20,3350,5509,155,155,0,0,0,0,0,,
5,3949,5869,-890,40,,,,,,,,,,,,,15,21,3350,5819,155,155,0,0,0,0,0,,
5,3949,5869,-890,40,,,,,,,,,,,,,15,22,3350,6129,155,155,0,0,0,0,0,,
5,3949,5869,-890,40,,,,,,,,,,,,,16,1,3660,-381,155,155,0,0,0,0,0,,
5,3949,5869,-890,40,,,,,,,,,,,,,16,2,3660,-71,155,155,0,0,0,0,0,,
5,3949,5869,-890,40,,,,,,,,,,,,,16,3,3660,239,155,155,0,0,0,0,0,,
5,3949,5869,-890,40,,,,,,,,,,,,,16,4,3660,549,155,155,0,0,0,0,0,,
5,3949,5869,-890,40,,,,,,,,,,,,,16,5,3660,859,155,155,0,0,0,0,0,,
5,3949,5869,-890,40,,,,,,,,,,,,,16,6,3660,1169,155,155,0,0,0,0,0,,
5,3949,5869,-890,40,,,,,,,,,,,,,16,7,3660,1479,155,155,0,0,0,0,0,,
5,3949,5869,-890,40,,,,,,,,,,,,,16,8,3660,1789,155,155,0,0,0,0,0,,
5,3949,5869,-890,40,,,,,,,,,,,,,16,9,3660,2099,155,155,0,0,0,0,0,,
5,3949,5869,-890,40,,,,,,,,,,,,,16,10,3660,2409,155,155,0,0,0,0,0,,
5,3949,5869,-890,40,,,,,,,,,,,,,16,11,3660,2719,155,155,0,0,0,0,0,,
5,3949,5869,-890,40,,,,,,,,,,,,,16,12,3660,3029,155,155,0,0,0,0,0,,
5,3949,5869,-890,40,,,,,,,,,,,,,16,13,3660,3339,155,155,0,0,0,0,0,,
5,3949,5869,-890,40,,,,,,,,,,,,,16,14,3660,3649,155,155,0,0,0,0,0,,
5,3949,5869,-890,40,,,,,,,,,,,,,16,15,3660,3959,155,155,0,0,0,0,0,,
5,3949,5869,-890,40,,,,,,,,,,,,,16,16,3660,4269,155,155,0,0,0,0,0,,
5,3949,5869,-890,40,,,,,,,,,,,,,16,17,3660,4579,155,155,0,0,0,0,0,,
5,3949,5869,-890,40,,,,,,,,,,,,,16,18,3660,4889,155,155,0,0,0,0,0,,
5,3949,5869,-890,40,,,,,,,,,,,,,16,19,3660,5199,155,155,0,0,0,0,0,,
5,3949,5869,-890,40,,,,,,,,,,,,,16,20,3660,5509,155,155,0,0,0,0,0,,
5,3949,5869,-890,40,,,,,,,,,,,,,16,21,3660,5819,155,155,0,0,0,0,0,,
5,3949,5869,-890,40,,,,,,,,,,,,,16,22,3660,6129,155,155,0,0,0,0,0,,
5,3949,5869,-890,40,,,,,,,,,,,,,17,1,3970,-381,155,155,0,0,0,0,0,,
5,3949,5869,-890,40,,,,,,,,,,,,,17,2,3970,-71,155,155,0,0,0,0,0,,
5,3949,5869,-890,40,,,,,,,,,,,,,17,3,3970,239,155,155,0,0,0,0,0,,
5,3949,5869,-890,40,,,,,,,,,,,,,17,4,3970,549,155,155,0,0,0,0,0,,
5,3949,5869,-890,40,,,,,,,,,,,,,17,5,3970,859,155,155,0,0,0,0,0,,
5,3949,5869,-890,40,,,,,,,,,,,,,17,6,3970,1169,155,155,0,0,0,0,0,,
5,3949,5869,-890,40,,,,,,,,,,,,,17,7,3970,1479,155,155,1,0,0,0,0,,
5,3949,5869,-890,40,,,,,,,,,,,,,17,8,3970,1789,155,155,0,0,0,0,0,,
5,3949,5869,-890,40,,,,,,,,,,,,,17,9,3970,2099,155,155,1,0,0,0,0,,
5,3949,5869,-890,40,,,,,,,,,,,,,17,10,3970,2409,155,155,0,0,0,0,0,,
5,3949,5869,-890,40,,,,,,,,,,,,,17,11,3970,2719,155,155,1,0,0,0,0,,
5,3949,5869,-890,40,,,,,,,,,,,,,17,12,3970,3029,155,155,0,0,0,0,0,,
5,3949,5869,-890,40,,,,,,,,,,,,,17,13,3970,3339,155,155,1,0,0,0,0,,
5,3949,5869,-890,40,,,,,,,,,,,,,17,14,3970,3649,155,155,0,0,0,0,0,,
5,3949,5869,-890,40,,,,,,,,,,,,,17,15,3970,3959,155,155,1,0,0,0,0,,
5,3949,5869,-890,40,,,,,,,,,,,,,17,16,3970,4269,155,155,0,0,0,0,0,,
5,3949,5869,-890,40,,,,,,,,,,,,,17,17,3970,4579,155,155,1,0,0,0,0,,
5,3949,5869,-890,40,,,,,,,,,,,,,17,18,3970,4889,155,155,0,0,0,0,0,,
5,3949,5869,-890,40,,,,,,,,,,,,,17,19,3970,5199,155,155,1,0,0,0,0,,
5,3949,5869,-890,40,,,,,,,,,,,,,17,20,3970,5509,155,155,0,0,0,0,0,,
5,3949,5869,-890,40,,,,,,,,,,,,,17,21,3970,5819,155,155,0,0,0,0,0,,
5,3949,5869,-890,40,,,,,,,,,,,,,17,22,3970,6129,155,155,0,0,0,0,0,,
5,3949,5869,-890,40,,,,,,,,,,,,,18,1,4280,-381,155,155,0,0,0,0,0,,
5,3949,5869,-890,40,,,,,,,,,,,,,18,2,4280,-71,155,155,0,0,0,0,0,,
5,3949,5869,-890,40,,,,,,,,,,,,,18,3,4280,239,155,155,0,0,0,0,0,,
5,3949,5869,-890,40,,,,,,,,,,,,,18,4,4280,549,155,155,0,0,0,0,0,,
5,3949,5869,-890,40,,,,,,,,,,,,,18,5,4280,859,155,155,0,0,0,0,0,,
5,3949,5869,-890,40,,,,,,,,,,,,,18,6,4280,1169,155,155,0,0,0,0,0,,
5,3949,5869,-890,40,,,,,,,,,,,,,18,7,4280,1479,155,155,0,0,0,0,0,,
5,3949,5869,-890,40,,,,,,,,,,,,,18,8,4280,1789,155,155,0,0,0,0,0,,
5,3949,5869,-890,40,,,,,,,,,,,,,18,9,4280,2099,155,155,0,0,0,0,0,,
5,3949,5869,-890,40,,,,,,,,,,,,,18,10,4280,2409,155,155,0,0,0,0,0,,
5,3949,5869,-890,40,,,,,,,,,,,,,18,11,4280,2719,155,155,0,0,0,0,0,,
5,3949,5869,-890,40,,,,,,,,,,,,,18,12,4280,3029,155,155,0,0,0,0,0,,
5,3949,5869,-890,40,,,,,,,,,,,,,18,13,4280,3339,155,155,0,0,0,0,0,,
5,3949,5869,-890,40,,,,,,,,,,,,,18,14,4280,3649,155,155,0,0,0,0,0,,
5,3949,5869,-890,40,,,,,,,,,,,,,18,15,4280,3959,155,155,0,0,0,0,0,,
5,3949,5869,-890,40,,,,,,,,,,,,,18,16,4280,4269,155,155,0,0,0,0,0,,
5,3949,5869,-890,40,,,,,,,,,,,,,18,17,4280,4579,155,155,0,0,0,0,0,,
5,3949,5869,-890,40,,,,,,,,,,,,,18,18,4280,4889,155,155,0,0,0,0,0,,
5,3949,5869,-890,40,,,,,,,,,,,,,18,19,4280,5199,155,155,0,0,0,0,0,,
5,3949,5869,-890,40,,,,,,,,,,,,,18,20,4280,5509,155,155,0,0,0,0,0,,
5,3949,5869,-890,40,,,,,,,,,,,,,18,21,4280,5819,155,155,0,0,0,0,0,,
5,3949,5869,-890,40,,,,,,,,,,,,,18,22,4280,6129,155,155,0,0,0,0,0,,
5,3949,5869,-890,40,,,,,,,,,,,,,19,1,4590,-381,155,155,0,0,0,0,0,,
5,3949,5869,-890,40,,,,,,,,,,,,,19,2,4590,-71,155,155,0,0,0,0,0,,
5,3949,5869,-890,40,,,,,,,,,,,,,19,3,4590,239,155,155,0,0,0,0,0,,
5,3949,5869,-890,40,,,,,,,,,,,,,19,4,4590,549,155,155,0,0,0,0,0,,
5,3949,5869,-890,40,,,,,,,,,,,,,19,5,4590,859,155,155,0,0,0,0,0,,
5,3949,5869,-890,40,,,,,,,,,,,,,19,6,4590,1169,155,155,0,0,0,0,0,,
5,3949,5869,-890,40,,,,,,,,,,,,,19,7,4590,1479,155,155,0,0,0,0,0,,
5,3949,5869,-890,40,,,,,,,,,,,,,19,8,4590,1789,155,155,0,0,0,0,0,,
5,3949,5869,-890,40,,,,,,,,,,,,,19,9,4590,2099,155,155,1,0,0,0,0,,
5,3949,5869,-890,40,,,,,,,,,,,,,19,10,4590,2409,155,155,0,0,0,0,0,,
5,3949,5869,-890,40,,,,,,,,,,,,,19,11,4590,2719,155,155,1,0,0,0,0,,
5,3949,5869,-890,40,,,,,,,,,,,,,19,12,4590,3029,155,155,0,0,0,0,0,,
5,3949,5869,-890,40,,,,,,,,,,,,,19,13,4590,3339,155,155,0,0,0,0,0,,
5,3949,5869,-890,40,,,,,,,,,,,,,19,14,4590,3649,155,155,0,0,0,0,0,,
5,3949,5869,-890,40,,,,,,,,,,,,,19,15,4590,3959,155,155,0,0,0,0,0,,
5,3949,5869,-890,40,,,,,,,,,,,,,19,16,4590,4269,155,155,0,0,0,0,0,,
5,3949,5869,-890,40,,,,,,,,,,,,,19,17,4590,4579,155,155,0,0,0,0,0,,
5,3949,5869,-890,40,,,,,,,,,,,,,19,18,4590,4889,155,155,0,0,0,0,0,,
5,3949,5869,-890,40,,,,,,,,,,,,,19,19,4590,5199,155,155,0,0,0,0,0,,
5,3949,5869,-890,40,,,,,,,,,,,,,19,20,4590,5509,155,155,0,0,0,0,0,,
5,3949,5869,-890,40,,,,,,,,,,,,,19,21,4590,5819,155,155,0,0,0,0,0,,
5,3949,5869,-890,40,,,,,,,,,,,,,19,22,4590,6129,155,155,0,0,0,0,0,,
5,3949,5869,-890,40,,,,,,,,,,,,,20,1,4900,-381,155,155,0,0,0,0,0,,
5,3949,5869,-890,40,,,,,,,,,,,,,20,2,4900,-71,155,155,0,0,0,0,0,,
5,3949,5869,-890,40,,,,,,,,,,,,,20,3,4900,239,155,155,0,0,0,0,0,,
5,3949,5869,-890,40,,,,,,,,,,,,,20,4,4900,549,155,155,0,0,0,0,0,,
5,3949,5869,-890,40,,,,,,,,,,,,,20,5,4900,859,155,155,0,0,0,0,0,,
5,3949,5869,-890,40,,,,,,,,,,,,,20,6,4900,1169,155,155,0,0,0,0,0,,
5,3949,5869,-890,40,,,,,,,,,,,,,20,7,4900,1479,155,155,0,0,0,0,0,,
5,3949,5869,-890,40,,,,,,,,,,,,,20,8,4900,1789,155,155,0,0,0,0,0,,
5,3949,5869,-890,40,,,,,,,,,,,,,20,9,4900,2099,155,155,0,0,0,0,0,,
5,3949,5869,-890,40,,,,,,,,,,,,,20,10,4900,2409,155,155,0,0,0,0,0,,
5,3949,5869,-890,40,,,,,,,,,,,,,20,11,4900,2719,155,155,0,0,0,0,0,,
5,3949,5869,-890,40,,,,,,,,,,,,,20,12,4900,3029,155,155,0,0,0,0,0,,
5,3949,5869,-890,40,,,,,,,,,,,,,20,13,4900,3339,155,155,0,0,0,0,0,,
5,3949,5869,-890,40,,,,,,,,,,,,,20,14,4900,3649,155,155,0,0,0,0,0,,
5,3949,5869,-890,40,,,,,,,,,,,,,20,15,4900,3959,155,155,0,0,0,0,0,,
5,3949,5869,-890,40,,,,,,,,,,,,,20,16,4900,4269,155,155,0,0,0,0,0,,
5,3949,5869,-890,40,,,,,,,,,,,,,20,17,4900,4579,155,155,0,0,0,0,0,,
5,3949,5869,-890,40,,,,,,,,,,,,,20,18,4900,4889,155,155,0,0,0,0,0,,
5,3949,5869,-890,40,,,,,,,,,,,,,20,19,4900,5199,155,155,0,0,0,0,0,,
5,3949,5869,-890,40,,,,,,,,,,,,,20,20,4900,5509,155,155,0,0,0,0,0,,
5,3949,5869,-890,40,,,,,,,,,,,,,20,21,4900,5819,155,155,0,0,0,0,0,,
5,3949,5869,-890,40,,,,,,,,,,,,,20,22,4900,6129,155,155,0,0,0,0,0,,
5,3949,5869,-890,40,,,,,,,,,,,,,21,1,5210,-381,155,155,0,0,0,0,0,,
5,3949,5869,-890,40,,,,,,,,,,,,,21,2,5210,-71,155,155,0,0,0,0,0,,
5,3949,5869,-890,40,,,,,,,,,,,,,21,3,5210,239,155,155,0,0,0,0,0,,
5,3949,5869,-890,40,,,,,,,,,,,,,21,4,5210,549,155,155,0,0,0,0,0,,
5,3949,5869,-890,40,,,,,,,,,,,,,21,5,5210,859,155,155,0,0,0,0,0,,
5,3949,5869,-890,40,,,,,,,,,,,,,21,6,5210,1169,155,155,0,0,0,0,0,,
5,3949,5869,-890,40,,,,,,,,,,,,,21,7,5210,1479,155,155,0,0,0,0,0,,
5,3949,5869,-890,40,,,,,,,,,,,,,21,8,5210,1789,155,155,0,0,0,0,0,,
5,3949,5869,-890,40,,,,,,,,,,,,,21,9,5210,2099,155,155,0,0,0,0,0,,
5,3949,5869,-890,40,,,,,,,,,,,,,21,10,5210,2409,155,155,0,0,0,0,0,,
5,3949,5869,-890,40,,,,,,,,,,,,,21,11,5210,2719,155,155,0,0,0,0,0,,
5,3949,5869,-890,40,,,,,,,,,,,,,21,12,5210,3029,155,155,0,0,0,0,0,,
5,3949,5869,-890,40,,,,,,,,,,,,,21,13,5210,3339,155,155,0,0,0,0,0,,
5,3949,5869,-890,40,,,,,,,,,,,,,21,14,5210,3649,155,155,0,0,0,0,0,,
5,3949,5869,-890,40,,,,,,,,,,,,,21,15,5210,3959,155,155,0,0,0,0,0,,
5,3949,5869,-890,40,,,,,,,,,,,,,21,16,5210,4269,155,155,0,0,0,0,0,,
5,3949,5869,-890,40,,,,,,,,,,,,,21,17,5210,4579,155,155,0,0,0,0,0,,
5,3949,5869,-890,40,,,,,,,,,,,,,21,18,5210,4889,155,155,0,0,0,0,0,,
5,3949,5869,-890,40,,,,,,,,,,,,,21,19,5210,5199,155,155,0,0,0,0,0,,
5,3949,5869,-890,40,,,,,,,,,,,,,21,20,5210,5509,155,155,0,0,0,0,0,,
5,3949,5869,-890,40,,,,,,,,,,,,,21,21,5210,5819,155,155,0,0,0,0,0,,
5,3949,5869,-890,40,,,,,,,,,,,,,21,22,5210,6129,155,155,0,0,0,0,0,,
